GEO.id,GEO.id2,GEO.display-label,HD01_VD01,HD02_VD01,HD01_VD02,HD02_VD02,HD01_VD03,HD02_VD03,HD01_VD04,HD02_VD04,HD01_VD05,HD02_VD05,HD01_VD06,HD02_VD06,HD01_VD07,HD02_VD07,HD01_VD08,HD02_VD08
Id,Id2,Geography,Estimate; Total:,Margin of Error; Total:,Estimate; Total: - For rent,Margin of Error; Total: - For rent,"Estimate; Total: - Rented, not occupied","Margin of Error; Total: - Rented, not occupied",Estimate; Total: - For sale only,Margin of Error; Total: - For sale only,"Estimate; Total: - Sold, not occupied","Margin of Error; Total: - Sold, not occupied","Estimate; Total: - For seasonal, recreational, or occasional use","Margin of Error; Total: - For seasonal, recreational, or occasional use",Estimate; Total: - For migrant workers,Margin of Error; Total: - For migrant workers,Estimate; Total: - Other vacant,Margin of Error; Total: - Other vacant
1500000US060750101001,060750101001,"Block Group 1, Census Tract 101, San Francisco County, California",33,53,33,53,0,12,0,12,0,12,0,12,0,12,0,12
1500000US060750101002,060750101002,"Block Group 2, Census Tract 101, San Francisco County, California",126,95,42,66,0,12,0,12,0,12,84,74,0,12,0,12
1500000US060750102001,060750102001,"Block Group 1, Census Tract 102, San Francisco County, California",275,187,83,87,0,12,0,12,0,12,16,25,0,12,176,137
1500000US060750102002,060750102002,"Block Group 2, Census Tract 102, San Francisco County, California",71,73,11,19,0,12,0,12,0,12,60,70,0,12,0,12
1500000US060750102003,060750102003,"Block Group 3, Census Tract 102, San Francisco County, California",82,86,0,12,0,12,0,12,0,12,34,44,0,12,48,75
1500000US060750103001,060750103001,"Block Group 1, Census Tract 103, San Francisco County, California",90,78,14,23,0,12,0,12,0,12,0,12,0,12,76,74
1500000US060750103002,060750103002,"Block Group 2, Census Tract 103, San Francisco County, California",96,104,0,12,0,12,0,12,0,12,50,78,0,12,46,72
1500000US060750103003,060750103003,"Block Group 3, Census Tract 103, San Francisco County, California",110,105,0,12,0,12,0,12,0,12,18,30,0,12,92,100
1500000US060750104001,060750104001,"Block Group 1, Census Tract 104, San Francisco County, California",0,12,0,12,0,12,0,12,0,12,0,12,0,12,0,12
1500000US060750104002,060750104002,"Block Group 2, Census Tract 104, San Francisco County, California",33,39,0,12,0,12,0,12,0,12,16,26,0,12,17,28
1500000US060750104003,060750104003,"Block Group 3, Census Tract 104, San Francisco County, California",29,32,0,12,0,12,0,12,0,12,14,23,0,12,15,24
1500000US060750104004,060750104004,"Block Group 4, Census Tract 104, San Francisco County, California",125,101,0,12,37,57,0,12,0,12,38,61,0,12,50,79
1500000US060750105001,060750105001,"Block Group 1, Census Tract 105, San Francisco County, California",69,50,0,12,0,12,15,22,0,12,42,40,0,12,12,18
1500000US060750105002,060750105002,"Block Group 2, Census Tract 105, San Francisco County, California",242,108,55,68,0,12,0,12,33,53,154,98,0,12,0,12
1500000US060750106001,060750106001,"Block Group 1, Census Tract 106, San Francisco County, California",233,112,0,12,0,12,34,54,0,12,109,81,0,12,90,79
1500000US060750106002,060750106002,"Block Group 2, Census Tract 106, San Francisco County, California",22,37,22,37,0,12,0,12,0,12,0,12,0,12,0,12
1500000US060750106003,060750106003,"Block Group 3, Census Tract 106, San Francisco County, California",20,33,0,12,20,33,0,12,0,12,0,12,0,12,0,12
1500000US060750107001,060750107001,"Block Group 1, Census Tract 107, San Francisco County, California",150,86,0,12,54,42,0,12,0,12,42,49,0,12,54,61
1500000US060750107002,060750107002,"Block Group 2, Census Tract 107, San Francisco County, California",47,53,24,39,0,12,0,12,0,12,0,12,0,12,23,37
1500000US060750107003,060750107003,"Block Group 3, Census Tract 107, San Francisco County, California",53,60,0,12,0,12,0,12,0,12,25,40,0,12,28,45
1500000US060750107004,060750107004,"Block Group 4, Census Tract 107, San Francisco County, California",83,74,27,41,0,12,0,12,0,12,27,44,0,12,29,46
1500000US060750108001,060750108001,"Block Group 1, Census Tract 108, San Francisco County, California",186,111,0,12,0,12,0,12,0,12,122,96,0,12,64,65
1500000US060750108002,060750108002,"Block Group 2, Census Tract 108, San Francisco County, California",64,60,0,12,38,61,0,12,0,12,13,21,0,12,13,20
1500000US060750108003,060750108003,"Block Group 3, Census Tract 108, San Francisco County, California",56,70,41,67,0,12,0,12,0,12,15,24,0,12,0,12
1500000US060750109001,060750109001,"Block Group 1, Census Tract 109, San Francisco County, California",52,83,0,12,0,12,52,83,0,12,0,12,0,12,0,12
1500000US060750109002,060750109002,"Block Group 2, Census Tract 109, San Francisco County, California",33,37,0,12,0,12,0,12,0,12,33,37,0,12,0,12
1500000US060750109003,060750109003,"Block Group 3, Census Tract 109, San Francisco County, California",57,66,0,12,0,12,0,12,0,12,0,12,0,12,57,66
1500000US060750110001,060750110001,"Block Group 1, Census Tract 110, San Francisco County, California",27,44,27,44,0,12,0,12,0,12,0,12,0,12,0,12
1500000US060750110002,060750110002,"Block Group 2, Census Tract 110, San Francisco County, California",51,60,0,12,0,12,0,12,33,56,0,12,0,12,18,21
1500000US060750110003,060750110003,"Block Group 3, Census Tract 110, San Francisco County, California",56,62,29,47,27,42,0,12,0,12,0,12,0,12,0,12
1500000US060750111001,060750111001,"Block Group 1, Census Tract 111, San Francisco County, California",92,98,0,12,0,12,0,12,0,12,0,12,0,12,92,98
1500000US060750111002,060750111002,"Block Group 2, Census Tract 111, San Francisco County, California",92,96,48,78,0,12,0,12,0,12,44,51,0,12,0,12
1500000US060750111003,060750111003,"Block Group 3, Census Tract 111, San Francisco County, California",72,85,0,12,23,39,0,12,0,12,49,78,0,12,0,12
1500000US060750112001,060750112001,"Block Group 1, Census Tract 112, San Francisco County, California",245,134,37,58,0,12,0,12,0,12,116,103,0,12,92,73
1500000US060750112002,060750112002,"Block Group 2, Census Tract 112, San Francisco County, California",185,107,8,12,0,12,0,12,0,12,149,104,0,12,28,36
1500000US060750112003,060750112003,"Block Group 3, Census Tract 112, San Francisco County, California",206,104,47,55,72,67,0,12,0,12,42,43,0,12,45,68
1500000US060750113001,060750113001,"Block Group 1, Census Tract 113, San Francisco County, California",0,12,0,12,0,12,0,12,0,12,0,12,0,12,0,12
1500000US060750113002,060750113002,"Block Group 2, Census Tract 113, San Francisco County, California",99,74,55,62,9,13,0,12,10,16,0,12,0,12,25,41
1500000US060750117001,060750117001,"Block Group 1, Census Tract 117, San Francisco County, California",24,38,0,12,0,12,0,12,0,12,24,38,0,12,0,12
1500000US060750117002,060750117002,"Block Group 2, Census Tract 117, San Francisco County, California",285,113,134,76,0,12,0,12,0,12,53,62,0,12,98,78
1500000US060750118001,060750118001,"Block Group 1, Census Tract 118, San Francisco County, California",46,34,24,26,0,12,10,15,0,12,12,19,0,12,0,12
1500000US060750119011,060750119011,"Block Group 1, Census Tract 119.01, San Francisco County, California",148,104,0,12,27,43,14,21,0,12,107,95,0,12,0,12
1500000US060750119012,060750119012,"Block Group 2, Census Tract 119.01, San Francisco County, California",117,90,8,13,38,59,0,12,0,12,71,72,0,12,0,12
1500000US060750119021,060750119021,"Block Group 1, Census Tract 119.02, San Francisco County, California",226,116,20,33,21,34,0,12,0,12,101,90,0,12,84,79
1500000US060750119022,060750119022,"Block Group 2, Census Tract 119.02, San Francisco County, California",0,12,0,12,0,12,0,12,0,12,0,12,0,12,0,12
1500000US060750120001,060750120001,"Block Group 1, Census Tract 120, San Francisco County, California",143,122,0,12,0,12,41,65,0,12,0,12,0,12,102,107
1500000US060750120002,060750120002,"Block Group 2, Census Tract 120, San Francisco County, California",53,87,0,12,0,12,0,12,0,12,0,12,0,12,53,87
1500000US060750121001,060750121001,"Block Group 1, Census Tract 121, San Francisco County, California",14,23,0,12,0,12,14,23,0,12,0,12,0,12,0,12
1500000US060750121002,060750121002,"Block Group 2, Census Tract 121, San Francisco County, California",23,37,0,12,0,12,0,12,0,12,23,37,0,12,0,12
1500000US060750122011,060750122011,"Block Group 1, Census Tract 122.01, San Francisco County, California",61,69,61,69,0,12,0,12,0,12,0,12,0,12,0,12
1500000US060750122012,060750122012,"Block Group 2, Census Tract 122.01, San Francisco County, California",228,157,136,118,0,12,0,12,0,12,0,12,0,12,92,104
1500000US060750122021,060750122021,"Block Group 1, Census Tract 122.02, San Francisco County, California",90,71,41,46,49,54,0,12,0,12,0,12,0,12,0,12
1500000US060750123011,060750123011,"Block Group 1, Census Tract 123.01, San Francisco County, California",228,106,46,51,0,12,0,12,0,12,79,64,0,12,103,70
1500000US060750123012,060750123012,"Block Group 2, Census Tract 123.01, San Francisco County, California",236,114,52,60,45,56,0,12,0,12,32,51,0,12,107,90
1500000US060750123021,060750123021,"Block Group 1, Census Tract 123.02, San Francisco County, California",177,112,122,94,0,12,0,12,0,12,21,34,0,12,34,56
1500000US060750123022,060750123022,"Block Group 2, Census Tract 123.02, San Francisco County, California",291,113,207,104,19,30,0,12,0,12,27,43,0,12,38,44
1500000US060750124011,060750124011,"Block Group 1, Census Tract 124.01, San Francisco County, California",183,118,65,74,0,12,0,12,0,12,0,12,0,12,118,96
1500000US060750124012,060750124012,"Block Group 2, Census Tract 124.01, San Francisco County, California",337,169,97,90,28,36,0,12,0,12,68,107,0,12,144,118
1500000US060750124021,060750124021,"Block Group 1, Census Tract 124.02, San Francisco County, California",115,104,38,59,0,12,0,12,0,12,36,59,0,12,41,66
1500000US060750124022,060750124022,"Block Group 2, Census Tract 124.02, San Francisco County, California",34,57,0,12,0,12,0,12,0,12,0,12,0,12,34,57
1500000US060750124023,060750124023,"Block Group 3, Census Tract 124.02, San Francisco County, California",160,116,103,98,42,67,0,12,0,12,0,12,0,12,15,23
1500000US060750125011,060750125011,"Block Group 1, Census Tract 125.01, San Francisco County, California",78,85,78,85,0,12,0,12,0,12,0,12,0,12,0,12
1500000US060750125012,060750125012,"Block Group 2, Census Tract 125.01, San Francisco County, California",379,161,203,114,0,12,0,12,0,12,35,57,0,12,141,113
1500000US060750125021,060750125021,"Block Group 1, Census Tract 125.02, San Francisco County, California",34,57,34,57,0,12,0,12,0,12,0,12,0,12,0,12
1500000US060750125022,060750125022,"Block Group 2, Census Tract 125.02, San Francisco County, California",34,55,34,55,0,12,0,12,0,12,0,12,0,12,0,12
1500000US060750126011,060750126011,"Block Group 1, Census Tract 126.01, San Francisco County, California",140,94,0,12,50,56,0,12,0,12,0,12,0,12,90,81
1500000US060750126021,060750126021,"Block Group 1, Census Tract 126.02, San Francisco County, California",40,39,0,12,9,19,0,12,0,12,31,36,0,12,0,12
1500000US060750126022,060750126022,"Block Group 2, Census Tract 126.02, San Francisco County, California",98,87,0,12,0,12,0,12,0,12,32,36,0,12,66,82
1500000US060750127001,060750127001,"Block Group 1, Census Tract 127, San Francisco County, California",87,95,0,12,0,12,0,12,47,73,40,66,0,12,0,12
1500000US060750127002,060750127002,"Block Group 2, Census Tract 127, San Francisco County, California",61,73,0,12,0,12,0,12,0,12,45,70,0,12,16,27
1500000US060750127003,060750127003,"Block Group 3, Census Tract 127, San Francisco County, California",48,55,0,12,48,55,0,12,0,12,0,12,0,12,0,12
1500000US060750128001,060750128001,"Block Group 1, Census Tract 128, San Francisco County, California",85,80,33,53,0,12,18,29,0,12,34,55,0,12,0,12
1500000US060750128002,060750128002,"Block Group 2, Census Tract 128, San Francisco County, California",63,76,0,12,0,12,0,12,0,12,0,12,0,12,63,76
1500000US060750128003,060750128003,"Block Group 3, Census Tract 128, San Francisco County, California",61,66,0,12,0,12,0,12,0,12,11,19,0,12,50,63
1500000US060750128004,060750128004,"Block Group 4, Census Tract 128, San Francisco County, California",47,48,36,55,11,18,0,12,0,12,0,12,0,12,0,12
1500000US060750129011,060750129011,"Block Group 1, Census Tract 129.01, San Francisco County, California",109,90,63,72,0,12,0,12,0,12,23,38,0,12,23,36
1500000US060750129012,060750129012,"Block Group 2, Census Tract 129.01, San Francisco County, California",100,84,0,12,0,12,45,71,0,12,8,12,0,12,47,42
1500000US060750129021,060750129021,"Block Group 1, Census Tract 129.02, San Francisco County, California",68,72,0,12,0,12,0,12,0,12,68,72,0,12,0,12
1500000US060750129022,060750129022,"Block Group 2, Census Tract 129.02, San Francisco County, California",73,84,47,75,0,12,0,12,0,12,26,43,0,12,0,12
1500000US060750129023,060750129023,"Block Group 3, Census Tract 129.02, San Francisco County, California",14,21,0,12,0,12,0,12,0,12,0,12,0,12,14,21
1500000US060750130001,060750130001,"Block Group 1, Census Tract 130, San Francisco County, California",0,12,0,12,0,12,0,12,0,12,0,12,0,12,0,12
1500000US060750130002,060750130002,"Block Group 2, Census Tract 130, San Francisco County, California",66,51,47,52,0,12,0,12,0,12,19,30,0,12,0,12
1500000US060750130003,060750130003,"Block Group 3, Census Tract 130, San Francisco County, California",0,12,0,12,0,12,0,12,0,12,0,12,0,12,0,12
1500000US060750130004,060750130004,"Block Group 4, Census Tract 130, San Francisco County, California",126,108,94,110,0,12,0,12,0,12,16,25,0,12,16,26
1500000US060750131011,060750131011,"Block Group 1, Census Tract 131.01, San Francisco County, California",151,134,0,12,0,12,0,12,0,12,0,12,0,12,151,134
1500000US060750131012,060750131012,"Block Group 2, Census Tract 131.01, San Francisco County, California",52,50,0,12,0,12,0,12,0,12,37,44,0,12,15,24
1500000US060750131021,060750131021,"Block Group 1, Census Tract 131.02, San Francisco County, California",92,84,92,84,0,12,0,12,0,12,0,12,0,12,0,12
1500000US060750131022,060750131022,"Block Group 2, Census Tract 131.02, San Francisco County, California",35,42,0,12,0,12,0,12,0,12,9,15,0,12,26,40
1500000US060750132001,060750132001,"Block Group 1, Census Tract 132, San Francisco County, California",158,130,47,76,0,12,0,12,0,12,63,80,0,12,48,76
1500000US060750132002,060750132002,"Block Group 2, Census Tract 132, San Francisco County, California",48,75,0,12,0,12,0,12,0,12,48,75,0,12,0,12
1500000US060750132003,060750132003,"Block Group 3, Census Tract 132, San Francisco County, California",35,39,16,25,0,12,0,12,0,12,19,30,0,12,0,12
1500000US060750133001,060750133001,"Block Group 1, Census Tract 133, San Francisco County, California",30,47,30,47,0,12,0,12,0,12,0,12,0,12,0,12
1500000US060750133002,060750133002,"Block Group 2, Census Tract 133, San Francisco County, California",55,61,0,12,29,45,0,12,0,12,26,43,0,12,0,12
1500000US060750133003,060750133003,"Block Group 3, Census Tract 133, San Francisco County, California",0,12,0,12,0,12,0,12,0,12,0,12,0,12,0,12
1500000US060750133004,060750133004,"Block Group 4, Census Tract 133, San Francisco County, California",11,16,11,16,0,12,0,12,0,12,0,12,0,12,0,12
1500000US060750133005,060750133005,"Block Group 5, Census Tract 133, San Francisco County, California",64,62,30,47,0,12,0,12,0,12,8,13,0,12,26,41
1500000US060750134001,060750134001,"Block Group 1, Census Tract 134, San Francisco County, California",66,64,14,23,0,12,0,12,0,12,0,12,0,12,52,60
1500000US060750134002,060750134002,"Block Group 2, Census Tract 134, San Francisco County, California",0,12,0,12,0,12,0,12,0,12,0,12,0,12,0,12
1500000US060750134003,060750134003,"Block Group 3, Census Tract 134, San Francisco County, California",73,75,0,12,0,12,0,12,0,12,0,12,0,12,73,75
1500000US060750135001,060750135001,"Block Group 1, Census Tract 135, San Francisco County, California",61,52,0,12,0,12,0,12,0,12,0,12,0,12,61,52
1500000US060750135002,060750135002,"Block Group 2, Census Tract 135, San Francisco County, California",139,68,0,12,0,12,8,12,23,37,60,58,0,12,48,56
1500000US060750151001,060750151001,"Block Group 1, Census Tract 151, San Francisco County, California",65,71,30,45,0,12,0,12,0,12,0,12,0,12,35,56
1500000US060750151002,060750151002,"Block Group 2, Census Tract 151, San Francisco County, California",250,110,31,51,53,59,0,12,0,12,67,64,0,12,99,91
1500000US060750152001,060750152001,"Block Group 1, Census Tract 152, San Francisco County, California",74,85,34,55,0,12,0,12,0,12,0,12,0,12,40,65
1500000US060750152002,060750152002,"Block Group 2, Census Tract 152, San Francisco County, California",83,88,58,84,0,12,0,12,0,12,25,29,0,12,0,12
1500000US060750152003,060750152003,"Block Group 3, Census Tract 152, San Francisco County, California",0,12,0,12,0,12,0,12,0,12,0,12,0,12,0,12
1500000US060750153001,060750153001,"Block Group 1, Census Tract 153, San Francisco County, California",23,30,6,11,0,12,0,12,0,12,0,12,0,12,17,27
1500000US060750153002,060750153002,"Block Group 2, Census Tract 153, San Francisco County, California",52,45,0,12,0,12,19,29,0,12,0,12,0,12,33,37
1500000US060750154001,060750154001,"Block Group 1, Census Tract 154, San Francisco County, California",21,34,0,12,0,12,0,12,0,12,21,34,0,12,0,12
1500000US060750154002,060750154002,"Block Group 2, Census Tract 154, San Francisco County, California",18,29,0,12,0,12,0,12,0,12,0,12,0,12,18,29
1500000US060750154003,060750154003,"Block Group 3, Census Tract 154, San Francisco County, California",0,12,0,12,0,12,0,12,0,12,0,12,0,12,0,12
1500000US060750154004,060750154004,"Block Group 4, Census Tract 154, San Francisco County, California",21,32,0,12,21,32,0,12,0,12,0,12,0,12,0,12
1500000US060750154005,060750154005,"Block Group 5, Census Tract 154, San Francisco County, California",50,83,0,12,0,12,0,12,0,12,0,12,0,12,50,83
1500000US060750155001,060750155001,"Block Group 1, Census Tract 155, San Francisco County, California",137,110,14,22,40,63,0,12,0,12,0,12,0,12,83,93
1500000US060750155002,060750155002,"Block Group 2, Census Tract 155, San Francisco County, California",0,12,0,12,0,12,0,12,0,12,0,12,0,12,0,12
1500000US060750155003,060750155003,"Block Group 3, Census Tract 155, San Francisco County, California",0,12,0,12,0,12,0,12,0,12,0,12,0,12,0,12
1500000US060750156001,060750156001,"Block Group 1, Census Tract 156, San Francisco County, California",28,34,0,12,0,12,0,12,0,12,0,12,0,12,28,34
1500000US060750156002,060750156002,"Block Group 2, Census Tract 156, San Francisco County, California",93,60,0,12,0,12,0,12,0,12,30,39,0,12,63,47
1500000US060750156003,060750156003,"Block Group 3, Census Tract 156, San Francisco County, California",21,34,0,12,0,12,0,12,0,12,0,12,0,12,21,34
1500000US060750157001,060750157001,"Block Group 1, Census Tract 157, San Francisco County, California",30,48,0,12,0,12,0,12,0,12,0,12,0,12,30,48
1500000US060750157002,060750157002,"Block Group 2, Census Tract 157, San Francisco County, California",35,54,0,12,0,12,0,12,0,12,0,12,0,12,35,54
1500000US060750157003,060750157003,"Block Group 3, Census Tract 157, San Francisco County, California",12,19,0,12,0,12,0,12,0,12,0,12,0,12,12,19
1500000US060750157004,060750157004,"Block Group 4, Census Tract 157, San Francisco County, California",66,92,0,12,0,12,0,12,0,12,0,12,0,12,66,92
1500000US060750158011,060750158011,"Block Group 1, Census Tract 158.01, San Francisco County, California",0,12,0,12,0,12,0,12,0,12,0,12,0,12,0,12
1500000US060750158012,060750158012,"Block Group 2, Census Tract 158.01, San Francisco County, California",4,13,4,13,0,12,0,12,0,12,0,12,0,12,0,12
1500000US060750158013,060750158013,"Block Group 3, Census Tract 158.01, San Francisco County, California",64,61,0,12,0,12,12,18,0,12,0,12,0,12,52,58
1500000US060750158021,060750158021,"Block Group 1, Census Tract 158.02, San Francisco County, California",45,50,0,12,7,12,0,12,0,12,10,14,0,12,28,45
1500000US060750158022,060750158022,"Block Group 2, Census Tract 158.02, San Francisco County, California",126,84,0,12,0,12,0,12,0,12,8,12,0,12,118,84
1500000US060750159001,060750159001,"Block Group 1, Census Tract 159, San Francisco County, California",19,32,0,12,0,12,0,12,0,12,0,12,0,12,19,32
1500000US060750159002,060750159002,"Block Group 2, Census Tract 159, San Francisco County, California",194,149,90,101,0,12,0,12,0,12,52,84,0,12,52,84
1500000US060750160001,060750160001,"Block Group 1, Census Tract 160, San Francisco County, California",181,102,31,48,0,12,17,20,0,12,81,70,0,12,52,55
1500000US060750161001,060750161001,"Block Group 1, Census Tract 161, San Francisco County, California",33,53,0,12,0,12,0,12,0,12,0,12,0,12,33,53
1500000US060750161002,060750161002,"Block Group 2, Census Tract 161, San Francisco County, California",69,70,31,49,38,56,0,12,0,12,0,12,0,12,0,12
1500000US060750161003,060750161003,"Block Group 3, Census Tract 161, San Francisco County, California",0,12,0,12,0,12,0,12,0,12,0,12,0,12,0,12
1500000US060750161004,060750161004,"Block Group 4, Census Tract 161, San Francisco County, California",34,55,0,12,34,55,0,12,0,12,0,12,0,12,0,12
1500000US060750162001,060750162001,"Block Group 1, Census Tract 162, San Francisco County, California",62,68,26,42,36,58,0,12,0,12,0,12,0,12,0,12
1500000US060750162002,060750162002,"Block Group 2, Census Tract 162, San Francisco County, California",24,38,0,12,0,12,0,12,0,12,0,12,0,12,24,38
1500000US060750162003,060750162003,"Block Group 3, Census Tract 162, San Francisco County, California",68,71,21,34,0,12,0,12,0,12,0,12,0,12,47,62
1500000US060750163001,060750163001,"Block Group 1, Census Tract 163, San Francisco County, California",85,80,41,53,0,12,0,12,0,12,0,12,0,12,44,68
1500000US060750163002,060750163002,"Block Group 2, Census Tract 163, San Francisco County, California",15,25,0,12,15,25,0,12,0,12,0,12,0,12,0,12
1500000US060750163003,060750163003,"Block Group 3, Census Tract 163, San Francisco County, California",68,72,40,63,0,12,0,12,0,12,0,12,0,12,28,41
1500000US060750164001,060750164001,"Block Group 1, Census Tract 164, San Francisco County, California",77,71,0,12,0,12,0,12,0,12,12,18,0,12,65,69
1500000US060750164002,060750164002,"Block Group 2, Census Tract 164, San Francisco County, California",26,43,0,12,0,12,0,12,0,12,0,12,0,12,26,43
1500000US060750165001,060750165001,"Block Group 1, Census Tract 165, San Francisco County, California",0,12,0,12,0,12,0,12,0,12,0,12,0,12,0,12
1500000US060750165002,060750165002,"Block Group 2, Census Tract 165, San Francisco County, California",0,12,0,12,0,12,0,12,0,12,0,12,0,12,0,12
1500000US060750165003,060750165003,"Block Group 3, Census Tract 165, San Francisco County, California",74,73,0,12,41,65,0,12,0,12,0,12,0,12,33,36
1500000US060750165004,060750165004,"Block Group 4, Census Tract 165, San Francisco County, California",0,12,0,12,0,12,0,12,0,12,0,12,0,12,0,12
1500000US060750166001,060750166001,"Block Group 1, Census Tract 166, San Francisco County, California",42,70,0,12,0,12,0,12,0,12,42,70,0,12,0,12
1500000US060750166002,060750166002,"Block Group 2, Census Tract 166, San Francisco County, California",91,102,41,65,0,12,0,12,0,12,0,12,0,12,50,80
1500000US060750166003,060750166003,"Block Group 3, Census Tract 166, San Francisco County, California",93,102,93,102,0,12,0,12,0,12,0,12,0,12,0,12
1500000US060750166004,060750166004,"Block Group 4, Census Tract 166, San Francisco County, California",14,23,0,12,0,12,0,12,0,12,0,12,0,12,14,23
1500000US060750167001,060750167001,"Block Group 1, Census Tract 167, San Francisco County, California",74,84,0,12,0,12,0,12,0,12,37,58,0,12,37,59
1500000US060750167002,060750167002,"Block Group 2, Census Tract 167, San Francisco County, California",0,12,0,12,0,12,0,12,0,12,0,12,0,12,0,12
1500000US060750167003,060750167003,"Block Group 3, Census Tract 167, San Francisco County, California",12,20,0,12,0,12,12,20,0,12,0,12,0,12,0,12
1500000US060750167004,060750167004,"Block Group 4, Census Tract 167, San Francisco County, California",40,64,0,12,0,12,0,12,0,12,0,12,0,12,40,64
1500000US060750168011,060750168011,"Block Group 1, Census Tract 168.01, San Francisco County, California",26,40,0,12,0,12,0,12,0,12,26,40,0,12,0,12
1500000US060750168012,060750168012,"Block Group 2, Census Tract 168.01, San Francisco County, California",34,50,0,12,34,50,0,12,0,12,0,12,0,12,0,12
1500000US060750168013,060750168013,"Block Group 3, Census Tract 168.01, San Francisco County, California",32,53,0,12,0,12,0,12,0,12,32,53,0,12,0,12
1500000US060750168021,060750168021,"Block Group 1, Census Tract 168.02, San Francisco County, California",93,73,26,40,0,12,29,47,0,12,38,47,0,12,0,12
1500000US060750168022,060750168022,"Block Group 2, Census Tract 168.02, San Francisco County, California",99,55,70,33,0,12,0,12,0,12,0,12,0,12,29,43
1500000US060750168023,060750168023,"Block Group 3, Census Tract 168.02, San Francisco County, California",187,128,25,40,37,56,0,12,0,12,26,41,0,12,99,105
1500000US060750169001,060750169001,"Block Group 1, Census Tract 169, San Francisco County, California",122,80,32,50,45,54,0,12,0,12,10,16,0,12,35,55
1500000US060750169002,060750169002,"Block Group 2, Census Tract 169, San Francisco County, California",63,60,0,12,13,21,0,12,0,12,0,12,0,12,50,57
1500000US060750170001,060750170001,"Block Group 1, Census Tract 170, San Francisco County, California",0,12,0,12,0,12,0,12,0,12,0,12,0,12,0,12
1500000US060750170002,060750170002,"Block Group 2, Census Tract 170, San Francisco County, California",212,141,42,67,0,12,0,12,0,12,59,94,0,12,111,104
1500000US060750170003,060750170003,"Block Group 3, Census Tract 170, San Francisco County, California",0,12,0,12,0,12,0,12,0,12,0,12,0,12,0,12
1500000US060750171011,060750171011,"Block Group 1, Census Tract 171.01, San Francisco County, California",94,66,15,22,12,19,0,12,22,36,8,13,0,12,37,47
1500000US060750171012,060750171012,"Block Group 2, Census Tract 171.01, San Francisco County, California",73,75,0,12,0,12,0,12,0,12,73,75,0,12,0,12
1500000US060750171013,060750171013,"Block Group 3, Census Tract 171.01, San Francisco County, California",48,60,48,60,0,12,0,12,0,12,0,12,0,12,0,12
1500000US060750171021,060750171021,"Block Group 1, Census Tract 171.02, San Francisco County, California",26,42,0,12,0,12,0,12,0,12,0,12,0,12,26,42
1500000US060750171022,060750171022,"Block Group 2, Census Tract 171.02, San Francisco County, California",68,77,0,12,0,12,0,12,0,12,0,12,0,12,68,77
1500000US060750171023,060750171023,"Block Group 3, Census Tract 171.02, San Francisco County, California",37,46,0,12,0,12,0,12,0,12,0,12,0,12,37,46
1500000US060750176011,060750176011,"Block Group 1, Census Tract 176.01, San Francisco County, California",0,12,0,12,0,12,0,12,0,12,0,12,0,12,0,12
1500000US060750176012,060750176012,"Block Group 2, Census Tract 176.01, San Francisco County, California",221,133,77,87,38,60,0,12,0,12,19,32,0,12,87,82
1500000US060750176013,060750176013,"Block Group 3, Census Tract 176.01, San Francisco County, California",476,184,150,101,125,113,0,12,0,12,94,68,0,12,107,110
1500000US060750176014,060750176014,"Block Group 4, Census Tract 176.01, San Francisco County, California",159,116,121,102,0,12,0,12,0,12,0,12,0,12,38,62
1500000US060750176015,060750176015,"Block Group 5, Census Tract 176.01, San Francisco County, California",208,132,125,117,0,12,0,12,0,12,0,12,0,12,83,82
1500000US060750177001,060750177001,"Block Group 1, Census Tract 177, San Francisco County, California",23,25,0,12,0,12,0,12,11,18,12,18,0,12,0,12
1500000US060750177002,060750177002,"Block Group 2, Census Tract 177, San Francisco County, California",87,74,23,35,0,12,0,12,0,12,4,6,0,12,60,58
1500000US060750178011,060750178011,"Block Group 1, Census Tract 178.01, San Francisco County, California",63,72,63,72,0,12,0,12,0,12,0,12,0,12,0,12
1500000US060750178012,060750178012,"Block Group 2, Census Tract 178.01, San Francisco County, California",201,106,39,63,12,17,37,54,16,26,92,86,0,12,5,10
1500000US060750178021,060750178021,"Block Group 1, Census Tract 178.02, San Francisco County, California",308,158,35,56,0,12,0,12,0,12,59,67,0,12,214,135
1500000US060750178022,060750178022,"Block Group 2, Census Tract 178.02, San Francisco County, California",193,155,0,12,0,12,0,12,0,12,159,145,0,12,34,56
1500000US060750179021,060750179021,"Block Group 1, Census Tract 179.02, San Francisco County, California",212,76,69,44,0,12,0,12,0,12,0,12,0,12,143,67
1500000US060750180001,060750180001,"Block Group 1, Census Tract 180, San Francisco County, California",74,72,39,48,0,12,0,12,0,12,0,12,0,12,35,55
1500000US060750180002,060750180002,"Block Group 2, Census Tract 180, San Francisco County, California",146,99,22,36,0,12,0,12,0,12,0,12,0,12,124,94
1500000US060750201001,060750201001,"Block Group 1, Census Tract 201, San Francisco County, California",84,83,38,61,0,12,0,12,0,12,0,12,0,12,46,59
1500000US060750201002,060750201002,"Block Group 2, Census Tract 201, San Francisco County, California",52,65,0,12,0,12,0,12,13,22,0,12,0,12,39,62
1500000US060750201003,060750201003,"Block Group 3, Census Tract 201, San Francisco County, California",35,55,0,12,0,12,0,12,0,12,0,12,0,12,35,55
1500000US060750201004,060750201004,"Block Group 4, Census Tract 201, San Francisco County, California",189,125,154,116,0,12,0,12,0,12,0,12,0,12,35,56
1500000US060750202001,060750202001,"Block Group 1, Census Tract 202, San Francisco County, California",162,110,0,12,0,12,0,12,0,12,0,12,0,12,162,110
1500000US060750202002,060750202002,"Block Group 2, Census Tract 202, San Francisco County, California",16,27,0,12,0,12,0,12,0,12,0,12,0,12,16,27
1500000US060750202003,060750202003,"Block Group 3, Census Tract 202, San Francisco County, California",102,100,54,68,0,12,0,12,0,12,0,12,0,12,48,76
1500000US060750203001,060750203001,"Block Group 1, Census Tract 203, San Francisco County, California",98,85,0,12,0,12,0,12,0,12,33,53,0,12,65,70
1500000US060750203002,060750203002,"Block Group 2, Census Tract 203, San Francisco County, California",28,44,0,12,0,12,0,12,0,12,28,44,0,12,0,12
1500000US060750203003,060750203003,"Block Group 3, Census Tract 203, San Francisco County, California",39,61,0,12,0,12,0,12,0,12,0,12,0,12,39,61
1500000US060750204011,060750204011,"Block Group 1, Census Tract 204.01, San Francisco County, California",48,51,0,12,0,12,0,12,0,12,30,47,0,12,18,21
1500000US060750204012,060750204012,"Block Group 2, Census Tract 204.01, San Francisco County, California",30,48,0,12,0,12,0,12,0,12,30,48,0,12,0,12
1500000US060750204013,060750204013,"Block Group 3, Census Tract 204.01, San Francisco County, California",78,85,0,12,0,12,0,12,0,12,0,12,0,12,78,85
1500000US060750204021,060750204021,"Block Group 1, Census Tract 204.02, San Francisco County, California",142,127,82,107,0,12,0,12,0,12,20,32,0,12,40,62
1500000US060750204022,060750204022,"Block Group 2, Census Tract 204.02, San Francisco County, California",23,37,0,12,0,12,0,12,0,12,0,12,0,12,23,37
1500000US060750205001,060750205001,"Block Group 1, Census Tract 205, San Francisco County, California",0,12,0,12,0,12,0,12,0,12,0,12,0,12,0,12
1500000US060750205002,060750205002,"Block Group 2, Census Tract 205, San Francisco County, California",25,29,0,12,14,23,0,12,0,12,0,12,0,12,11,19
1500000US060750205003,060750205003,"Block Group 3, Census Tract 205, San Francisco County, California",37,47,7,11,0,12,0,12,0,12,0,12,0,12,30,45
1500000US060750206001,060750206001,"Block Group 1, Census Tract 206, San Francisco County, California",187,121,87,87,0,12,0,12,0,12,36,58,0,12,64,74
1500000US060750206002,060750206002,"Block Group 2, Census Tract 206, San Francisco County, California",28,42,0,12,0,12,0,12,28,42,0,12,0,12,0,12
1500000US060750206003,060750206003,"Block Group 3, Census Tract 206, San Francisco County, California",62,57,0,12,0,12,0,12,0,12,12,19,0,12,50,53
1500000US060750206004,060750206004,"Block Group 4, Census Tract 206, San Francisco County, California",71,78,37,59,0,12,0,12,0,12,0,12,0,12,34,52
1500000US060750207001,060750207001,"Block Group 1, Census Tract 207, San Francisco County, California",43,70,0,12,0,12,0,12,43,70,0,12,0,12,0,12
1500000US060750207002,060750207002,"Block Group 2, Census Tract 207, San Francisco County, California",44,70,0,12,0,12,0,12,0,12,0,12,0,12,44,70
1500000US060750207003,060750207003,"Block Group 3, Census Tract 207, San Francisco County, California",0,12,0,12,0,12,0,12,0,12,0,12,0,12,0,12
1500000US060750208001,060750208001,"Block Group 1, Census Tract 208, San Francisco County, California",75,78,0,12,0,12,0,12,0,12,0,12,0,12,75,78
1500000US060750208002,060750208002,"Block Group 2, Census Tract 208, San Francisco County, California",116,92,26,41,0,12,0,12,0,12,30,50,0,12,60,68
1500000US060750208003,060750208003,"Block Group 3, Census Tract 208, San Francisco County, California",27,44,27,44,0,12,0,12,0,12,0,12,0,12,0,12
1500000US060750208004,060750208004,"Block Group 4, Census Tract 208, San Francisco County, California",29,47,0,12,0,12,0,12,0,12,0,12,0,12,29,47
1500000US060750209001,060750209001,"Block Group 1, Census Tract 209, San Francisco County, California",23,35,0,12,0,12,0,12,0,12,0,12,0,12,23,35
1500000US060750209002,060750209002,"Block Group 2, Census Tract 209, San Francisco County, California",26,41,0,12,0,12,0,12,0,12,0,12,0,12,26,41
1500000US060750209003,060750209003,"Block Group 3, Census Tract 209, San Francisco County, California",63,61,0,12,0,12,0,12,0,12,0,12,0,12,63,61
1500000US060750209004,060750209004,"Block Group 4, Census Tract 209, San Francisco County, California",47,52,0,12,0,12,0,12,0,12,0,12,0,12,47,52
1500000US060750210001,060750210001,"Block Group 1, Census Tract 210, San Francisco County, California",0,12,0,12,0,12,0,12,0,12,0,12,0,12,0,12
1500000US060750210002,060750210002,"Block Group 2, Census Tract 210, San Francisco County, California",0,12,0,12,0,12,0,12,0,12,0,12,0,12,0,12
1500000US060750210003,060750210003,"Block Group 3, Census Tract 210, San Francisco County, California",80,85,42,64,0,12,0,12,0,12,38,64,0,12,0,12
1500000US060750210004,060750210004,"Block Group 4, Census Tract 210, San Francisco County, California",0,12,0,12,0,12,0,12,0,12,0,12,0,12,0,12
1500000US060750211001,060750211001,"Block Group 1, Census Tract 211, San Francisco County, California",39,51,32,50,0,12,0,12,0,12,7,11,0,12,0,12
1500000US060750211002,060750211002,"Block Group 2, Census Tract 211, San Francisco County, California",70,81,49,74,0,12,21,32,0,12,0,12,0,12,0,12
1500000US060750211003,060750211003,"Block Group 3, Census Tract 211, San Francisco County, California",34,41,0,12,11,18,0,12,23,37,0,12,0,12,0,12
1500000US060750211004,060750211004,"Block Group 4, Census Tract 211, San Francisco County, California",26,40,0,12,0,12,0,12,0,12,0,12,0,12,26,40
1500000US060750212001,060750212001,"Block Group 1, Census Tract 212, San Francisco County, California",10,15,0,12,0,12,0,12,0,12,0,12,0,12,10,15
1500000US060750212002,060750212002,"Block Group 2, Census Tract 212, San Francisco County, California",39,42,0,12,0,12,0,12,0,12,25,39,0,12,14,15
1500000US060750212003,060750212003,"Block Group 3, Census Tract 212, San Francisco County, California",74,59,0,12,0,12,0,12,26,40,0,12,0,12,48,45
1500000US060750213001,060750213001,"Block Group 1, Census Tract 213, San Francisco County, California",80,67,18,26,0,12,0,12,31,47,31,49,0,12,0,12
1500000US060750213002,060750213002,"Block Group 2, Census Tract 213, San Francisco County, California",25,37,0,12,0,12,0,12,25,37,0,12,0,12,0,12
1500000US060750214001,060750214001,"Block Group 1, Census Tract 214, San Francisco County, California",25,40,0,12,0,12,0,12,0,12,0,12,0,12,25,40
1500000US060750214002,060750214002,"Block Group 2, Census Tract 214, San Francisco County, California",63,64,0,12,0,12,0,12,30,47,0,12,0,12,33,49
1500000US060750214003,060750214003,"Block Group 3, Census Tract 214, San Francisco County, California",69,65,60,64,0,12,0,12,0,12,9,13,0,12,0,12
1500000US060750215001,060750215001,"Block Group 1, Census Tract 215, San Francisco County, California",59,95,0,12,0,12,0,12,0,12,59,95,0,12,0,12
1500000US060750215002,060750215002,"Block Group 2, Census Tract 215, San Francisco County, California",0,12,0,12,0,12,0,12,0,12,0,12,0,12,0,12
1500000US060750215003,060750215003,"Block Group 3, Census Tract 215, San Francisco County, California",17,27,0,12,0,12,0,12,0,12,0,12,0,12,17,27
1500000US060750215004,060750215004,"Block Group 4, Census Tract 215, San Francisco County, California",0,12,0,12,0,12,0,12,0,12,0,12,0,12,0,12
1500000US060750215005,060750215005,"Block Group 5, Census Tract 215, San Francisco County, California",46,71,0,12,0,12,0,12,0,12,0,12,0,12,46,71
1500000US060750216001,060750216001,"Block Group 1, Census Tract 216, San Francisco County, California",96,89,0,12,0,12,0,12,56,81,24,27,0,12,16,24
1500000US060750216002,060750216002,"Block Group 2, Census Tract 216, San Francisco County, California",49,77,0,12,0,12,49,77,0,12,0,12,0,12,0,12
1500000US060750217001,060750217001,"Block Group 1, Census Tract 217, San Francisco County, California",28,41,28,41,0,12,0,12,0,12,0,12,0,12,0,12
1500000US060750217002,060750217002,"Block Group 2, Census Tract 217, San Francisco County, California",9,15,0,12,0,12,0,12,0,12,0,12,0,12,9,15
1500000US060750217003,060750217003,"Block Group 3, Census Tract 217, San Francisco County, California",21,34,0,12,0,12,0,12,21,34,0,12,0,12,0,12
1500000US060750218001,060750218001,"Block Group 1, Census Tract 218, San Francisco County, California",0,12,0,12,0,12,0,12,0,12,0,12,0,12,0,12
1500000US060750218002,060750218002,"Block Group 2, Census Tract 218, San Francisco County, California",20,21,0,12,0,12,0,12,0,12,0,12,0,12,20,21
1500000US060750218003,060750218003,"Block Group 3, Census Tract 218, San Francisco County, California",0,12,0,12,0,12,0,12,0,12,0,12,0,12,0,12
1500000US060750218004,060750218004,"Block Group 4, Census Tract 218, San Francisco County, California",32,51,0,12,0,12,0,12,32,51,0,12,0,12,0,12
1500000US060750226001,060750226001,"Block Group 1, Census Tract 226, San Francisco County, California",16,14,0,12,0,12,0,12,0,12,10,13,0,12,6,9
1500000US060750226002,060750226002,"Block Group 2, Census Tract 226, San Francisco County, California",59,42,0,12,8,13,0,12,29,33,0,12,0,12,22,26
1500000US060750227021,060750227021,"Block Group 1, Census Tract 227.02, San Francisco County, California",22,36,0,12,0,12,0,12,0,12,0,12,0,12,22,36
1500000US060750227022,060750227022,"Block Group 2, Census Tract 227.02, San Francisco County, California",54,43,6,9,0,12,16,25,0,12,0,12,0,12,32,35
1500000US060750227041,060750227041,"Block Group 1, Census Tract 227.04, San Francisco County, California",38,43,0,12,0,12,0,12,0,12,12,18,0,12,26,39
1500000US060750227042,060750227042,"Block Group 2, Census Tract 227.04, San Francisco County, California",45,52,0,12,0,12,0,12,0,12,0,12,0,12,45,52
1500000US060750228011,060750228011,"Block Group 1, Census Tract 228.01, San Francisco County, California",17,19,0,12,0,12,7,11,0,12,10,15,0,12,0,12
1500000US060750228012,060750228012,"Block Group 2, Census Tract 228.01, San Francisco County, California",0,12,0,12,0,12,0,12,0,12,0,12,0,12,0,12
1500000US060750228013,060750228013,"Block Group 3, Census Tract 228.01, San Francisco County, California",66,60,23,36,19,29,0,12,0,12,0,12,0,12,24,39
1500000US060750228021,060750228021,"Block Group 1, Census Tract 228.02, San Francisco County, California",15,24,0,12,0,12,0,12,0,12,0,12,0,12,15,24
1500000US060750228022,060750228022,"Block Group 2, Census Tract 228.02, San Francisco County, California",66,54,0,12,0,12,0,12,0,12,0,12,0,12,66,54
1500000US060750228031,060750228031,"Block Group 1, Census Tract 228.03, San Francisco County, California",11,16,0,12,11,16,0,12,0,12,0,12,0,12,0,12
1500000US060750228032,060750228032,"Block Group 2, Census Tract 228.03, San Francisco County, California",24,38,0,12,0,12,0,12,0,12,0,12,0,12,24,38
1500000US060750228033,060750228033,"Block Group 3, Census Tract 228.03, San Francisco County, California",73,65,53,57,0,12,0,12,0,12,0,12,0,12,20,32
1500000US060750229011,060750229011,"Block Group 1, Census Tract 229.01, San Francisco County, California",48,52,18,27,0,12,0,12,0,12,9,14,0,12,21,33
1500000US060750229012,060750229012,"Block Group 2, Census Tract 229.01, San Francisco County, California",76,54,0,12,0,12,0,12,0,12,0,12,0,12,76,54
1500000US060750229013,060750229013,"Block Group 3, Census Tract 229.01, San Francisco County, California",0,12,0,12,0,12,0,12,0,12,0,12,0,12,0,12
1500000US060750229021,060750229021,"Block Group 1, Census Tract 229.02, San Francisco County, California",56,37,0,12,12,14,0,12,0,12,0,12,0,12,44,36
1500000US060750229022,060750229022,"Block Group 2, Census Tract 229.02, San Francisco County, California",27,35,5,7,0,12,0,12,0,12,0,12,0,12,22,35
1500000US060750229031,060750229031,"Block Group 1, Census Tract 229.03, San Francisco County, California",27,23,0,12,0,12,0,12,0,12,14,22,0,12,13,21
1500000US060750229032,060750229032,"Block Group 2, Census Tract 229.03, San Francisco County, California",21,22,0,12,11,17,0,12,0,12,0,12,0,12,10,15
1500000US060750229033,060750229033,"Block Group 3, Census Tract 229.03, San Francisco County, California",0,12,0,12,0,12,0,12,0,12,0,12,0,12,0,12
1500000US060750230011,060750230011,"Block Group 1, Census Tract 230.01, San Francisco County, California",64,66,0,12,0,12,0,12,0,12,0,12,0,12,64,66
1500000US060750230012,060750230012,"Block Group 2, Census Tract 230.01, San Francisco County, California",0,12,0,12,0,12,0,12,0,12,0,12,0,12,0,12
1500000US060750230013,060750230013,"Block Group 3, Census Tract 230.01, San Francisco County, California",32,40,0,12,0,12,0,12,0,12,0,12,0,12,32,40
1500000US060750230031,060750230031,"Block Group 1, Census Tract 230.03, San Francisco County, California",25,37,0,12,0,12,25,37,0,12,0,12,0,12,0,12
1500000US060750230032,060750230032,"Block Group 2, Census Tract 230.03, San Francisco County, California",46,55,0,12,0,12,33,52,0,12,0,12,0,12,13,20
1500000US060750231021,060750231021,"Block Group 1, Census Tract 231.02, San Francisco County, California",38,36,24,27,0,12,14,23,0,12,0,12,0,12,0,12
1500000US060750231022,060750231022,"Block Group 2, Census Tract 231.02, San Francisco County, California",0,12,0,12,0,12,0,12,0,12,0,12,0,12,0,12
1500000US060750231031,060750231031,"Block Group 1, Census Tract 231.03, San Francisco County, California",32,35,0,12,0,12,0,12,0,12,0,12,0,12,32,35
1500000US060750231032,060750231032,"Block Group 2, Census Tract 231.03, San Francisco County, California",51,47,17,28,0,12,0,12,0,12,0,12,0,12,34,38
1500000US060750232001,060750232001,"Block Group 1, Census Tract 232, San Francisco County, California",37,40,0,12,0,12,0,12,19,30,0,12,0,12,18,26
1500000US060750232002,060750232002,"Block Group 2, Census Tract 232, San Francisco County, California",0,12,0,12,0,12,0,12,0,12,0,12,0,12,0,12
1500000US060750232003,060750232003,"Block Group 3, Census Tract 232, San Francisco County, California",75,56,0,12,0,12,0,12,0,12,19,31,0,12,56,48
1500000US060750233001,060750233001,"Block Group 1, Census Tract 233, San Francisco County, California",166,76,20,32,0,12,57,47,21,34,0,12,0,12,68,42
1500000US060750234001,060750234001,"Block Group 1, Census Tract 234, San Francisco County, California",34,28,11,17,0,12,0,12,0,12,0,12,0,12,23,28
1500000US060750234002,060750234002,"Block Group 2, Census Tract 234, San Francisco County, California",110,72,19,32,0,12,0,12,0,12,0,12,0,12,91,71
1500000US060750251001,060750251001,"Block Group 1, Census Tract 251, San Francisco County, California",5,9,5,9,0,12,0,12,0,12,0,12,0,12,0,12
1500000US060750251002,060750251002,"Block Group 2, Census Tract 251, San Francisco County, California",11,19,0,12,0,12,0,12,0,12,0,12,0,12,11,19
1500000US060750251003,060750251003,"Block Group 3, Census Tract 251, San Francisco County, California",22,34,22,34,0,12,0,12,0,12,0,12,0,12,0,12
1500000US060750252001,060750252001,"Block Group 1, Census Tract 252, San Francisco County, California",0,12,0,12,0,12,0,12,0,12,0,12,0,12,0,12
1500000US060750252002,060750252002,"Block Group 2, Census Tract 252, San Francisco County, California",64,78,0,12,0,12,0,12,0,12,0,12,0,12,64,78
1500000US060750252003,060750252003,"Block Group 3, Census Tract 252, San Francisco County, California",49,78,0,12,0,12,0,12,0,12,49,78,0,12,0,12
1500000US060750252004,060750252004,"Block Group 4, Census Tract 252, San Francisco County, California",0,12,0,12,0,12,0,12,0,12,0,12,0,12,0,12
1500000US060750253001,060750253001,"Block Group 1, Census Tract 253, San Francisco County, California",39,38,0,12,0,12,0,12,0,12,28,33,0,12,11,18
1500000US060750253002,060750253002,"Block Group 2, Census Tract 253, San Francisco County, California",0,12,0,12,0,12,0,12,0,12,0,12,0,12,0,12
1500000US060750253003,060750253003,"Block Group 3, Census Tract 253, San Francisco County, California",69,54,17,27,0,12,0,12,0,12,0,12,0,12,52,47
1500000US060750253004,060750253004,"Block Group 4, Census Tract 253, San Francisco County, California",84,63,0,12,0,12,23,33,0,12,0,12,0,12,61,56
1500000US060750254011,060750254011,"Block Group 1, Census Tract 254.01, San Francisco County, California",97,67,0,12,0,12,0,12,28,45,0,12,0,12,69,52
1500000US060750254012,060750254012,"Block Group 2, Census Tract 254.01, San Francisco County, California",29,47,0,12,0,12,0,12,29,47,0,12,0,12,0,12
1500000US060750254013,060750254013,"Block Group 3, Census Tract 254.01, San Francisco County, California",53,59,0,12,0,12,0,12,0,12,14,21,0,12,39,55
1500000US060750254021,060750254021,"Block Group 1, Census Tract 254.02, San Francisco County, California",0,12,0,12,0,12,0,12,0,12,0,12,0,12,0,12
1500000US060750254022,060750254022,"Block Group 2, Census Tract 254.02, San Francisco County, California",26,41,0,12,0,12,0,12,0,12,0,12,0,12,26,41
1500000US060750254023,060750254023,"Block Group 3, Census Tract 254.02, San Francisco County, California",0,12,0,12,0,12,0,12,0,12,0,12,0,12,0,12
1500000US060750254031,060750254031,"Block Group 1, Census Tract 254.03, San Francisco County, California",49,62,0,12,0,12,0,12,0,12,0,12,0,12,49,62
1500000US060750254032,060750254032,"Block Group 2, Census Tract 254.03, San Francisco County, California",45,57,0,12,0,12,0,12,0,12,45,57,0,12,0,12
1500000US060750255001,060750255001,"Block Group 1, Census Tract 255, San Francisco County, California",15,25,0,12,0,12,0,12,0,12,15,25,0,12,0,12
1500000US060750255002,060750255002,"Block Group 2, Census Tract 255, San Francisco County, California",14,23,0,12,0,12,0,12,0,12,0,12,0,12,14,23
1500000US060750255003,060750255003,"Block Group 3, Census Tract 255, San Francisco County, California",0,12,0,12,0,12,0,12,0,12,0,12,0,12,0,12
1500000US060750255004,060750255004,"Block Group 4, Census Tract 255, San Francisco County, California",0,12,0,12,0,12,0,12,0,12,0,12,0,12,0,12
1500000US060750255005,060750255005,"Block Group 5, Census Tract 255, San Francisco County, California",0,12,0,12,0,12,0,12,0,12,0,12,0,12,0,12
1500000US060750255006,060750255006,"Block Group 6, Census Tract 255, San Francisco County, California",0,12,0,12,0,12,0,12,0,12,0,12,0,12,0,12
1500000US060750256001,060750256001,"Block Group 1, Census Tract 256, San Francisco County, California",7,12,0,12,0,12,0,12,0,12,0,12,0,12,7,12
1500000US060750256002,060750256002,"Block Group 2, Census Tract 256, San Francisco County, California",20,31,0,12,0,12,0,12,0,12,0,12,0,12,20,31
1500000US060750256003,060750256003,"Block Group 3, Census Tract 256, San Francisco County, California",79,66,0,12,0,12,0,12,0,12,49,51,0,12,30,48
1500000US060750256004,060750256004,"Block Group 4, Census Tract 256, San Francisco County, California",0,12,0,12,0,12,0,12,0,12,0,12,0,12,0,12
1500000US060750257011,060750257011,"Block Group 1, Census Tract 257.01, San Francisco County, California",33,51,0,12,0,12,0,12,0,12,0,12,0,12,33,51
1500000US060750257012,060750257012,"Block Group 2, Census Tract 257.01, San Francisco County, California",0,12,0,12,0,12,0,12,0,12,0,12,0,12,0,12
1500000US060750257013,060750257013,"Block Group 3, Census Tract 257.01, San Francisco County, California",0,12,0,12,0,12,0,12,0,12,0,12,0,12,0,12
1500000US060750257021,060750257021,"Block Group 1, Census Tract 257.02, San Francisco County, California",0,12,0,12,0,12,0,12,0,12,0,12,0,12,0,12
1500000US060750257022,060750257022,"Block Group 2, Census Tract 257.02, San Francisco County, California",36,39,18,28,0,12,18,28,0,12,0,12,0,12,0,12
1500000US060750257023,060750257023,"Block Group 3, Census Tract 257.02, San Francisco County, California",65,57,0,12,0,12,6,17,26,41,6,9,0,12,27,42
1500000US060750258001,060750258001,"Block Group 1, Census Tract 258, San Francisco County, California",42,35,0,12,0,12,0,12,0,12,11,17,0,12,31,32
1500000US060750258002,060750258002,"Block Group 2, Census Tract 258, San Francisco County, California",0,12,0,12,0,12,0,12,0,12,0,12,0,12,0,12
1500000US060750259001,060750259001,"Block Group 1, Census Tract 259, San Francisco County, California",9,14,0,12,0,12,0,12,0,12,0,12,0,12,9,14
1500000US060750259002,060750259002,"Block Group 2, Census Tract 259, San Francisco County, California",80,81,0,12,0,12,0,12,0,12,0,12,0,12,80,81
1500000US060750259003,060750259003,"Block Group 3, Census Tract 259, San Francisco County, California",0,12,0,12,0,12,0,12,0,12,0,12,0,12,0,12
1500000US060750260011,060750260011,"Block Group 1, Census Tract 260.01, San Francisco County, California",88,51,38,40,0,12,0,12,22,34,0,12,0,12,28,34
1500000US060750260012,060750260012,"Block Group 2, Census Tract 260.01, San Francisco County, California",104,67,20,31,0,12,0,12,0,12,8,14,0,12,76,61
1500000US060750260021,060750260021,"Block Group 1, Census Tract 260.02, San Francisco County, California",8,10,0,12,0,12,0,12,0,12,0,12,0,12,8,10
1500000US060750260022,060750260022,"Block Group 2, Census Tract 260.02, San Francisco County, California",45,38,0,12,0,12,0,12,0,12,0,12,0,12,45,38
1500000US060750260031,060750260031,"Block Group 1, Census Tract 260.03, San Francisco County, California",55,59,0,12,0,12,0,12,35,48,0,12,0,12,20,32
1500000US060750260032,060750260032,"Block Group 2, Census Tract 260.03, San Francisco County, California",8,12,0,12,0,12,0,12,0,12,0,12,0,12,8,12
1500000US060750260041,060750260041,"Block Group 1, Census Tract 260.04, San Francisco County, California",28,36,28,36,0,12,0,12,0,12,0,12,0,12,0,12
1500000US060750260042,060750260042,"Block Group 2, Census Tract 260.04, San Francisco County, California",0,12,0,12,0,12,0,12,0,12,0,12,0,12,0,12
1500000US060750261001,060750261001,"Block Group 1, Census Tract 261, San Francisco County, California",0,12,0,12,0,12,0,12,0,12,0,12,0,12,0,12
1500000US060750261002,060750261002,"Block Group 2, Census Tract 261, San Francisco County, California",0,12,0,12,0,12,0,12,0,12,0,12,0,12,0,12
1500000US060750261003,060750261003,"Block Group 3, Census Tract 261, San Francisco County, California",0,12,0,12,0,12,0,12,0,12,0,12,0,12,0,12
1500000US060750261004,060750261004,"Block Group 4, Census Tract 261, San Francisco County, California",10,14,0,12,0,12,0,12,0,12,0,12,0,12,10,14
1500000US060750262001,060750262001,"Block Group 1, Census Tract 262, San Francisco County, California",0,12,0,12,0,12,0,12,0,12,0,12,0,12,0,12
1500000US060750262002,060750262002,"Block Group 2, Census Tract 262, San Francisco County, California",25,39,0,12,0,12,0,12,0,12,25,39,0,12,0,12
1500000US060750262003,060750262003,"Block Group 3, Census Tract 262, San Francisco County, California",31,39,0,12,0,12,0,12,0,12,0,12,0,12,31,39
1500000US060750262004,060750262004,"Block Group 4, Census Tract 262, San Francisco County, California",9,14,9,14,0,12,0,12,0,12,0,12,0,12,0,12
1500000US060750262005,060750262005,"Block Group 5, Census Tract 262, San Francisco County, California",49,53,0,12,0,12,0,12,24,38,0,12,0,12,25,40
1500000US060750263011,060750263011,"Block Group 1, Census Tract 263.01, San Francisco County, California",15,16,0,12,0,12,9,13,0,12,0,12,0,12,6,11
1500000US060750263012,060750263012,"Block Group 2, Census Tract 263.01, San Francisco County, California",6,10,0,12,0,12,6,10,0,12,0,12,0,12,0,12
1500000US060750263013,060750263013,"Block Group 3, Census Tract 263.01, San Francisco County, California",0,12,0,12,0,12,0,12,0,12,0,12,0,12,0,12
1500000US060750263021,060750263021,"Block Group 1, Census Tract 263.02, San Francisco County, California",23,37,0,12,0,12,23,37,0,12,0,12,0,12,0,12
1500000US060750263022,060750263022,"Block Group 2, Census Tract 263.02, San Francisco County, California",0,12,0,12,0,12,0,12,0,12,0,12,0,12,0,12
1500000US060750263023,060750263023,"Block Group 3, Census Tract 263.02, San Francisco County, California",12,15,6,11,0,12,6,9,0,12,0,12,0,12,0,12
1500000US060750263031,060750263031,"Block Group 1, Census Tract 263.03, San Francisco County, California",35,39,0,12,0,12,0,12,0,12,17,29,0,12,18,27
1500000US060750263032,060750263032,"Block Group 2, Census Tract 263.03, San Francisco County, California",28,35,0,12,0,12,0,12,11,21,0,12,0,12,17,27
1500000US060750264011,060750264011,"Block Group 1, Census Tract 264.01, San Francisco County, California",0,12,0,12,0,12,0,12,0,12,0,12,0,12,0,12
1500000US060750264012,060750264012,"Block Group 2, Census Tract 264.01, San Francisco County, California",0,12,0,12,0,12,0,12,0,12,0,12,0,12,0,12
1500000US060750264021,060750264021,"Block Group 1, Census Tract 264.02, San Francisco County, California",0,12,0,12,0,12,0,12,0,12,0,12,0,12,0,12
1500000US060750264022,060750264022,"Block Group 2, Census Tract 264.02, San Francisco County, California",0,12,0,12,0,12,0,12,0,12,0,12,0,12,0,12
1500000US060750264023,060750264023,"Block Group 3, Census Tract 264.02, San Francisco County, California",32,49,0,12,0,12,0,12,0,12,0,12,0,12,32,49
1500000US060750264031,060750264031,"Block Group 1, Census Tract 264.03, San Francisco County, California",45,49,23,35,0,12,0,12,0,12,0,12,0,12,22,36
1500000US060750264032,060750264032,"Block Group 2, Census Tract 264.03, San Francisco County, California",57,53,0,12,0,12,0,12,0,12,22,36,0,12,35,41
1500000US060750264041,060750264041,"Block Group 1, Census Tract 264.04, San Francisco County, California",59,48,26,37,0,12,10,16,0,12,14,22,0,12,9,16
1500000US060750264042,060750264042,"Block Group 2, Census Tract 264.04, San Francisco County, California",24,37,0,12,24,37,0,12,0,12,0,12,0,12,0,12
1500000US060750301011,060750301011,"Block Group 1, Census Tract 301.01, San Francisco County, California",27,43,27,43,0,12,0,12,0,12,0,12,0,12,0,12
1500000US060750301012,060750301012,"Block Group 2, Census Tract 301.01, San Francisco County, California",0,12,0,12,0,12,0,12,0,12,0,12,0,12,0,12
1500000US060750301013,060750301013,"Block Group 3, Census Tract 301.01, San Francisco County, California",10,16,0,12,10,16,0,12,0,12,0,12,0,12,0,12
1500000US060750301014,060750301014,"Block Group 4, Census Tract 301.01, San Francisco County, California",29,43,0,12,0,12,0,12,0,12,29,43,0,12,0,12
1500000US060750301021,060750301021,"Block Group 1, Census Tract 301.02, San Francisco County, California",80,81,38,59,0,12,0,12,0,12,42,64,0,12,0,12
1500000US060750301022,060750301022,"Block Group 2, Census Tract 301.02, San Francisco County, California",38,58,0,12,0,12,0,12,38,58,0,12,0,12,0,12
1500000US060750301023,060750301023,"Block Group 3, Census Tract 301.02, San Francisco County, California",0,12,0,12,0,12,0,12,0,12,0,12,0,12,0,12
1500000US060750302011,060750302011,"Block Group 1, Census Tract 302.01, San Francisco County, California",37,50,37,50,0,12,0,12,0,12,0,12,0,12,0,12
1500000US060750302012,060750302012,"Block Group 2, Census Tract 302.01, San Francisco County, California",43,45,26,41,0,12,0,12,0,12,0,12,0,12,17,19
1500000US060750302013,060750302013,"Block Group 3, Census Tract 302.01, San Francisco County, California",8,12,0,12,0,12,0,12,0,12,0,12,0,12,8,12
1500000US060750302021,060750302021,"Block Group 1, Census Tract 302.02, San Francisco County, California",61,71,20,31,0,12,0,12,0,12,41,65,0,12,0,12
1500000US060750302022,060750302022,"Block Group 2, Census Tract 302.02, San Francisco County, California",71,79,0,12,0,12,0,12,0,12,0,12,0,12,71,79
1500000US060750302023,060750302023,"Block Group 3, Census Tract 302.02, San Francisco County, California",21,26,0,12,0,12,0,12,6,15,0,12,0,12,15,24
1500000US060750303011,060750303011,"Block Group 1, Census Tract 303.01, San Francisco County, California",54,67,0,12,0,12,17,27,0,12,0,12,0,12,37,59
1500000US060750303012,060750303012,"Block Group 2, Census Tract 303.01, San Francisco County, California",59,72,0,12,0,12,0,12,0,12,0,12,0,12,59,72
1500000US060750303013,060750303013,"Block Group 3, Census Tract 303.01, San Francisco County, California",102,110,0,12,0,12,55,87,47,74,0,12,0,12,0,12
1500000US060750303014,060750303014,"Block Group 4, Census Tract 303.01, San Francisco County, California",30,33,0,12,0,12,0,12,0,12,30,33,0,12,0,12
1500000US060750303021,060750303021,"Block Group 1, Census Tract 303.02, San Francisco County, California",0,12,0,12,0,12,0,12,0,12,0,12,0,12,0,12
1500000US060750303022,060750303022,"Block Group 2, Census Tract 303.02, San Francisco County, California",9,15,0,12,9,15,0,12,0,12,0,12,0,12,0,12
1500000US060750303023,060750303023,"Block Group 3, Census Tract 303.02, San Francisco County, California",8,12,0,12,0,12,0,12,0,12,8,12,0,12,0,12
1500000US060750304001,060750304001,"Block Group 1, Census Tract 304, San Francisco County, California",15,18,0,12,0,12,0,12,0,12,8,14,0,12,7,12
1500000US060750304002,060750304002,"Block Group 2, Census Tract 304, San Francisco County, California",10,14,0,12,0,12,0,12,0,12,0,12,0,12,10,14
1500000US060750304003,060750304003,"Block Group 3, Census Tract 304, San Francisco County, California",42,44,0,12,0,12,0,12,24,39,0,12,0,12,18,20
1500000US060750304004,060750304004,"Block Group 4, Census Tract 304, San Francisco County, California",22,34,0,12,0,12,22,34,0,12,0,12,0,12,0,12
1500000US060750304005,060750304005,"Block Group 5, Census Tract 304, San Francisco County, California",0,12,0,12,0,12,0,12,0,12,0,12,0,12,0,12
1500000US060750305001,060750305001,"Block Group 1, Census Tract 305, San Francisco County, California",31,35,0,12,0,12,0,12,0,12,0,12,0,12,31,35
1500000US060750305002,060750305002,"Block Group 2, Census Tract 305, San Francisco County, California",44,47,0,12,19,31,0,12,0,12,0,12,0,12,25,37
1500000US060750305003,060750305003,"Block Group 3, Census Tract 305, San Francisco County, California",0,12,0,12,0,12,0,12,0,12,0,12,0,12,0,12
1500000US060750306001,060750306001,"Block Group 1, Census Tract 306, San Francisco County, California",0,12,0,12,0,12,0,12,0,12,0,12,0,12,0,12
1500000US060750306002,060750306002,"Block Group 2, Census Tract 306, San Francisco County, California",0,12,0,12,0,12,0,12,0,12,0,12,0,12,0,12
1500000US060750306003,060750306003,"Block Group 3, Census Tract 306, San Francisco County, California",0,12,0,12,0,12,0,12,0,12,0,12,0,12,0,12
1500000US060750307001,060750307001,"Block Group 1, Census Tract 307, San Francisco County, California",52,52,0,12,0,12,0,12,0,12,30,39,0,12,22,35
1500000US060750307002,060750307002,"Block Group 2, Census Tract 307, San Francisco County, California",23,41,0,12,0,12,0,12,0,12,0,12,0,12,23,41
1500000US060750307003,060750307003,"Block Group 3, Census Tract 307, San Francisco County, California",71,53,22,37,0,12,18,21,0,12,19,31,0,12,12,19
1500000US060750308001,060750308001,"Block Group 1, Census Tract 308, San Francisco County, California",11,20,0,12,0,12,0,12,0,12,0,12,0,12,11,20
1500000US060750308002,060750308002,"Block Group 2, Census Tract 308, San Francisco County, California",0,12,0,12,0,12,0,12,0,12,0,12,0,12,0,12
1500000US060750308003,060750308003,"Block Group 3, Census Tract 308, San Francisco County, California",0,12,0,12,0,12,0,12,0,12,0,12,0,12,0,12
1500000US060750308004,060750308004,"Block Group 4, Census Tract 308, San Francisco County, California",97,96,0,12,0,12,0,12,0,12,15,25,0,12,82,92
1500000US060750308005,060750308005,"Block Group 5, Census Tract 308, San Francisco County, California",142,103,39,61,0,12,14,23,0,12,0,12,0,12,89,96
1500000US060750309001,060750309001,"Block Group 1, Census Tract 309, San Francisco County, California",37,58,0,12,0,12,0,12,0,12,0,12,0,12,37,58
1500000US060750309002,060750309002,"Block Group 2, Census Tract 309, San Francisco County, California",13,27,0,12,0,12,0,12,0,12,13,27,0,12,0,12
1500000US060750309003,060750309003,"Block Group 3, Census Tract 309, San Francisco County, California",0,12,0,12,0,12,0,12,0,12,0,12,0,12,0,12
1500000US060750309004,060750309004,"Block Group 4, Census Tract 309, San Francisco County, California",0,12,0,12,0,12,0,12,0,12,0,12,0,12,0,12
1500000US060750309005,060750309005,"Block Group 5, Census Tract 309, San Francisco County, California",0,12,0,12,0,12,0,12,0,12,0,12,0,12,0,12
1500000US060750309006,060750309006,"Block Group 6, Census Tract 309, San Francisco County, California",0,12,0,12,0,12,0,12,0,12,0,12,0,12,0,12
1500000US060750309007,060750309007,"Block Group 7, Census Tract 309, San Francisco County, California",92,85,26,45,0,12,0,12,0,12,0,12,0,12,66,72
1500000US060750310001,060750310001,"Block Group 1, Census Tract 310, San Francisco County, California",0,12,0,12,0,12,0,12,0,12,0,12,0,12,0,12
1500000US060750310002,060750310002,"Block Group 2, Census Tract 310, San Francisco County, California",0,12,0,12,0,12,0,12,0,12,0,12,0,12,0,12
1500000US060750310003,060750310003,"Block Group 3, Census Tract 310, San Francisco County, California",40,49,0,12,12,20,0,12,0,12,28,44,0,12,0,12
1500000US060750311001,060750311001,"Block Group 1, Census Tract 311, San Francisco County, California",0,12,0,12,0,12,0,12,0,12,0,12,0,12,0,12
1500000US060750311002,060750311002,"Block Group 2, Census Tract 311, San Francisco County, California",42,65,0,12,0,12,0,12,42,65,0,12,0,12,0,12
1500000US060750311003,060750311003,"Block Group 3, Census Tract 311, San Francisco County, California",0,12,0,12,0,12,0,12,0,12,0,12,0,12,0,12
1500000US060750311004,060750311004,"Block Group 4, Census Tract 311, San Francisco County, California",35,54,0,12,0,12,0,12,0,12,0,12,0,12,35,54
1500000US060750311005,060750311005,"Block Group 5, Census Tract 311, San Francisco County, California",46,56,32,52,0,12,0,12,0,12,0,12,0,12,14,23
1500000US060750312011,060750312011,"Block Group 1, Census Tract 312.01, San Francisco County, California",0,12,0,12,0,12,0,12,0,12,0,12,0,12,0,12
1500000US060750312012,060750312012,"Block Group 2, Census Tract 312.01, San Francisco County, California",50,80,0,12,50,80,0,12,0,12,0,12,0,12,0,12
1500000US060750312013,060750312013,"Block Group 3, Census Tract 312.01, San Francisco County, California",33,54,0,12,0,12,0,12,0,12,0,12,0,12,33,54
1500000US060750312014,060750312014,"Block Group 4, Census Tract 312.01, San Francisco County, California",13,20,0,12,0,12,0,12,0,12,0,12,0,12,13,20
1500000US060750312021,060750312021,"Block Group 1, Census Tract 312.02, San Francisco County, California",0,12,0,12,0,12,0,12,0,12,0,12,0,12,0,12
1500000US060750312022,060750312022,"Block Group 2, Census Tract 312.02, San Francisco County, California",27,31,0,12,0,12,0,12,0,12,0,12,0,12,27,31
1500000US060750313011,060750313011,"Block Group 1, Census Tract 313.01, San Francisco County, California",60,70,0,12,0,12,0,12,0,12,15,24,0,12,45,68
1500000US060750313012,060750313012,"Block Group 2, Census Tract 313.01, San Francisco County, California",31,48,0,12,0,12,0,12,0,12,0,12,0,12,31,48
1500000US060750313013,060750313013,"Block Group 3, Census Tract 313.01, San Francisco County, California",26,43,0,12,0,12,0,12,0,12,26,43,0,12,0,12
1500000US060750313021,060750313021,"Block Group 1, Census Tract 313.02, San Francisco County, California",34,53,0,12,0,12,0,12,0,12,0,12,0,12,34,53
1500000US060750313022,060750313022,"Block Group 2, Census Tract 313.02, San Francisco County, California",0,12,0,12,0,12,0,12,0,12,0,12,0,12,0,12
1500000US060750313023,060750313023,"Block Group 3, Census Tract 313.02, San Francisco County, California",0,12,0,12,0,12,0,12,0,12,0,12,0,12,0,12
1500000US060750314001,060750314001,"Block Group 1, Census Tract 314, San Francisco County, California",11,19,0,12,0,12,0,12,0,12,0,12,0,12,11,19
1500000US060750314002,060750314002,"Block Group 2, Census Tract 314, San Francisco County, California",28,34,0,12,0,12,0,12,20,33,0,12,0,12,8,11
1500000US060750314003,060750314003,"Block Group 3, Census Tract 314, San Francisco County, California",41,44,0,12,0,12,19,29,0,12,0,12,0,12,22,36
1500000US060750314004,060750314004,"Block Group 4, Census Tract 314, San Francisco County, California",12,19,0,12,0,12,0,12,0,12,0,12,0,12,12,19
1500000US060750314005,060750314005,"Block Group 5, Census Tract 314, San Francisco County, California",43,50,0,12,21,35,0,12,0,12,0,12,0,12,22,34
1500000US060750326011,060750326011,"Block Group 1, Census Tract 326.01, San Francisco County, California",8,12,8,12,0,12,0,12,0,12,0,12,0,12,0,12
1500000US060750326012,060750326012,"Block Group 2, Census Tract 326.01, San Francisco County, California",0,12,0,12,0,12,0,12,0,12,0,12,0,12,0,12
1500000US060750326013,060750326013,"Block Group 3, Census Tract 326.01, San Francisco County, California",58,66,21,34,0,12,0,12,0,12,0,12,0,12,37,59
1500000US060750326021,060750326021,"Block Group 1, Census Tract 326.02, San Francisco County, California",86,67,0,12,0,12,0,12,32,48,43,47,0,12,11,18
1500000US060750326022,060750326022,"Block Group 2, Census Tract 326.02, San Francisco County, California",43,66,43,66,0,12,0,12,0,12,0,12,0,12,0,12
1500000US060750326023,060750326023,"Block Group 3, Census Tract 326.02, San Francisco County, California",0,12,0,12,0,12,0,12,0,12,0,12,0,12,0,12
1500000US060750327001,060750327001,"Block Group 1, Census Tract 327, San Francisco County, California",0,12,0,12,0,12,0,12,0,12,0,12,0,12,0,12
1500000US060750327002,060750327002,"Block Group 2, Census Tract 327, San Francisco County, California",0,12,0,12,0,12,0,12,0,12,0,12,0,12,0,12
1500000US060750327003,060750327003,"Block Group 3, Census Tract 327, San Francisco County, California",54,65,0,12,0,12,0,12,0,12,39,62,0,12,15,25
1500000US060750327004,060750327004,"Block Group 4, Census Tract 327, San Francisco County, California",0,12,0,12,0,12,0,12,0,12,0,12,0,12,0,12
1500000US060750327005,060750327005,"Block Group 5, Census Tract 327, San Francisco County, California",0,12,0,12,0,12,0,12,0,12,0,12,0,12,0,12
1500000US060750327006,060750327006,"Block Group 6, Census Tract 327, San Francisco County, California",12,19,0,12,0,12,0,12,0,12,0,12,0,12,12,19
1500000US060750327007,060750327007,"Block Group 7, Census Tract 327, San Francisco County, California",0,12,0,12,0,12,0,12,0,12,0,12,0,12,0,12
1500000US060750328011,060750328011,"Block Group 1, Census Tract 328.01, San Francisco County, California",22,34,0,12,0,12,0,12,0,12,0,12,0,12,22,34
1500000US060750328012,060750328012,"Block Group 2, Census Tract 328.01, San Francisco County, California",67,72,35,52,0,12,0,12,32,53,0,12,0,12,0,12
1500000US060750328013,060750328013,"Block Group 3, Census Tract 328.01, San Francisco County, California",20,31,0,12,0,12,0,12,0,12,0,12,0,12,20,31
1500000US060750328021,060750328021,"Block Group 1, Census Tract 328.02, San Francisco County, California",40,56,0,12,0,12,0,12,0,12,0,12,0,12,40,56
1500000US060750328022,060750328022,"Block Group 2, Census Tract 328.02, San Francisco County, California",0,12,0,12,0,12,0,12,0,12,0,12,0,12,0,12
1500000US060750328023,060750328023,"Block Group 3, Census Tract 328.02, San Francisco County, California",94,90,0,12,0,12,0,12,26,41,7,12,0,12,61,77
1500000US060750329011,060750329011,"Block Group 1, Census Tract 329.01, San Francisco County, California",0,12,0,12,0,12,0,12,0,12,0,12,0,12,0,12
1500000US060750329012,060750329012,"Block Group 2, Census Tract 329.01, San Francisco County, California",0,12,0,12,0,12,0,12,0,12,0,12,0,12,0,12
1500000US060750329013,060750329013,"Block Group 3, Census Tract 329.01, San Francisco County, California",46,56,0,12,0,12,0,12,0,12,35,55,0,12,11,17
1500000US060750329014,060750329014,"Block Group 4, Census Tract 329.01, San Francisco County, California",0,12,0,12,0,12,0,12,0,12,0,12,0,12,0,12
1500000US060750329021,060750329021,"Block Group 1, Census Tract 329.02, San Francisco County, California",0,12,0,12,0,12,0,12,0,12,0,12,0,12,0,12
1500000US060750329022,060750329022,"Block Group 2, Census Tract 329.02, San Francisco County, California",0,12,0,12,0,12,0,12,0,12,0,12,0,12,0,12
1500000US060750329023,060750329023,"Block Group 3, Census Tract 329.02, San Francisco County, California",63,69,0,12,21,33,0,12,0,12,0,12,0,12,42,61
1500000US060750330001,060750330001,"Block Group 1, Census Tract 330, San Francisco County, California",0,12,0,12,0,12,0,12,0,12,0,12,0,12,0,12
1500000US060750330002,060750330002,"Block Group 2, Census Tract 330, San Francisco County, California",0,12,0,12,0,12,0,12,0,12,0,12,0,12,0,12
1500000US060750330003,060750330003,"Block Group 3, Census Tract 330, San Francisco County, California",16,25,0,12,0,12,0,12,0,12,0,12,0,12,16,25
1500000US060750330004,060750330004,"Block Group 4, Census Tract 330, San Francisco County, California",113,102,0,12,0,12,34,47,0,12,48,77,0,12,31,47
1500000US060750330005,060750330005,"Block Group 5, Census Tract 330, San Francisco County, California",0,12,0,12,0,12,0,12,0,12,0,12,0,12,0,12
1500000US060750330006,060750330006,"Block Group 6, Census Tract 330, San Francisco County, California",14,23,0,12,0,12,0,12,0,12,14,23,0,12,0,12
1500000US060750331001,060750331001,"Block Group 1, Census Tract 331, San Francisco County, California",10,16,0,12,0,12,0,12,0,12,10,16,0,12,0,12
1500000US060750331002,060750331002,"Block Group 2, Census Tract 331, San Francisco County, California",10,15,0,12,0,12,0,12,0,12,0,12,0,12,10,15
1500000US060750331003,060750331003,"Block Group 3, Census Tract 331, San Francisco County, California",34,53,0,12,0,12,0,12,0,12,0,12,0,12,34,53
1500000US060750331004,060750331004,"Block Group 4, Census Tract 331, San Francisco County, California",10,15,0,12,0,12,0,12,0,12,0,12,0,12,10,15
1500000US060750332011,060750332011,"Block Group 1, Census Tract 332.01, San Francisco County, California",166,77,128,67,19,31,0,12,0,12,0,12,0,12,19,31
1500000US060750332031,060750332031,"Block Group 1, Census Tract 332.03, San Francisco County, California",88,78,88,78,0,12,0,12,0,12,0,12,0,12,0,12
1500000US060750332032,060750332032,"Block Group 2, Census Tract 332.03, San Francisco County, California",23,35,0,12,0,12,0,12,0,12,0,12,0,12,23,35
1500000US060750332041,060750332041,"Block Group 1, Census Tract 332.04, San Francisco County, California",0,12,0,12,0,12,0,12,0,12,0,12,0,12,0,12
1500000US060750332042,060750332042,"Block Group 2, Census Tract 332.04, San Francisco County, California",29,48,0,12,29,48,0,12,0,12,0,12,0,12,0,12
1500000US060750332043,060750332043,"Block Group 3, Census Tract 332.04, San Francisco County, California",44,67,44,67,0,12,0,12,0,12,0,12,0,12,0,12
1500000US060750351001,060750351001,"Block Group 1, Census Tract 351, San Francisco County, California",0,12,0,12,0,12,0,12,0,12,0,12,0,12,0,12
1500000US060750351002,060750351002,"Block Group 2, Census Tract 351, San Francisco County, California",0,12,0,12,0,12,0,12,0,12,0,12,0,12,0,12
1500000US060750351003,060750351003,"Block Group 3, Census Tract 351, San Francisco County, California",0,12,0,12,0,12,0,12,0,12,0,12,0,12,0,12
1500000US060750351004,060750351004,"Block Group 4, Census Tract 351, San Francisco County, California",0,12,0,12,0,12,0,12,0,12,0,12,0,12,0,12
1500000US060750351005,060750351005,"Block Group 5, Census Tract 351, San Francisco County, California",45,57,0,12,0,12,0,12,0,12,0,12,0,12,45,57
1500000US060750351006,060750351006,"Block Group 6, Census Tract 351, San Francisco County, California",0,12,0,12,0,12,0,12,0,12,0,12,0,12,0,12
1500000US060750351007,060750351007,"Block Group 7, Census Tract 351, San Francisco County, California",69,70,0,12,0,12,0,12,51,81,0,12,0,12,18,29
1500000US060750352011,060750352011,"Block Group 1, Census Tract 352.01, San Francisco County, California",108,83,0,12,0,12,0,12,0,12,45,52,0,12,63,60
1500000US060750352012,060750352012,"Block Group 2, Census Tract 352.01, San Francisco County, California",0,12,0,12,0,12,0,12,0,12,0,12,0,12,0,12
1500000US060750352013,060750352013,"Block Group 3, Census Tract 352.01, San Francisco County, California",0,12,0,12,0,12,0,12,0,12,0,12,0,12,0,12
1500000US060750352014,060750352014,"Block Group 4, Census Tract 352.01, San Francisco County, California",28,44,0,12,0,12,0,12,0,12,0,12,0,12,28,44
1500000US060750352015,060750352015,"Block Group 5, Census Tract 352.01, San Francisco County, California",0,12,0,12,0,12,0,12,0,12,0,12,0,12,0,12
1500000US060750352021,060750352021,"Block Group 1, Census Tract 352.02, San Francisco County, California",24,29,0,12,0,12,0,12,17,27,0,12,0,12,7,11
1500000US060750352022,060750352022,"Block Group 2, Census Tract 352.02, San Francisco County, California",68,53,17,27,16,26,0,12,0,12,35,39,0,12,0,12
1500000US060750352023,060750352023,"Block Group 3, Census Tract 352.02, San Francisco County, California",57,46,17,25,0,12,0,12,0,12,19,31,0,12,21,25
1500000US060750353001,060750353001,"Block Group 1, Census Tract 353, San Francisco County, California",0,12,0,12,0,12,0,12,0,12,0,12,0,12,0,12
1500000US060750353002,060750353002,"Block Group 2, Census Tract 353, San Francisco County, California",0,12,0,12,0,12,0,12,0,12,0,12,0,12,0,12
1500000US060750353003,060750353003,"Block Group 3, Census Tract 353, San Francisco County, California",0,12,0,12,0,12,0,12,0,12,0,12,0,12,0,12
1500000US060750353004,060750353004,"Block Group 4, Census Tract 353, San Francisco County, California",0,12,0,12,0,12,0,12,0,12,0,12,0,12,0,12
1500000US060750353005,060750353005,"Block Group 5, Census Tract 353, San Francisco County, California",0,12,0,12,0,12,0,12,0,12,0,12,0,12,0,12
1500000US060750353006,060750353006,"Block Group 6, Census Tract 353, San Francisco County, California",16,24,16,24,0,12,0,12,0,12,0,12,0,12,0,12
1500000US060750354001,060750354001,"Block Group 1, Census Tract 354, San Francisco County, California",0,12,0,12,0,12,0,12,0,12,0,12,0,12,0,12
1500000US060750354002,060750354002,"Block Group 2, Census Tract 354, San Francisco County, California",0,12,0,12,0,12,0,12,0,12,0,12,0,12,0,12
1500000US060750354003,060750354003,"Block Group 3, Census Tract 354, San Francisco County, California",58,70,58,70,0,12,0,12,0,12,0,12,0,12,0,12
1500000US060750354004,060750354004,"Block Group 4, Census Tract 354, San Francisco County, California",41,65,0,12,0,12,0,12,41,65,0,12,0,12,0,12
1500000US060750354005,060750354005,"Block Group 5, Census Tract 354, San Francisco County, California",103,103,50,72,0,12,0,12,0,12,0,12,0,12,53,81
1500000US060750401001,060750401001,"Block Group 1, Census Tract 401, San Francisco County, California",53,60,0,12,0,12,0,12,0,12,23,36,0,12,30,49
1500000US060750401002,060750401002,"Block Group 2, Census Tract 401, San Francisco County, California",0,12,0,12,0,12,0,12,0,12,0,12,0,12,0,12
1500000US060750401003,060750401003,"Block Group 3, Census Tract 401, San Francisco County, California",60,61,24,35,8,12,0,12,0,12,0,12,0,12,28,45
1500000US060750401004,060750401004,"Block Group 4, Census Tract 401, San Francisco County, California",32,38,13,20,19,32,0,12,0,12,0,12,0,12,0,12
1500000US060750402001,060750402001,"Block Group 1, Census Tract 402, San Francisco County, California",70,75,0,12,0,12,0,12,0,12,14,24,0,12,56,70
1500000US060750402002,060750402002,"Block Group 2, Census Tract 402, San Francisco County, California",120,93,0,12,0,12,0,12,0,12,52,64,0,12,68,75
1500000US060750402003,060750402003,"Block Group 3, Census Tract 402, San Francisco County, California",60,72,0,12,0,12,0,12,21,26,0,12,0,12,39,63
1500000US060750402004,060750402004,"Block Group 4, Census Tract 402, San Francisco County, California",13,20,0,12,0,12,0,12,0,12,0,12,0,12,13,20
1500000US060750426011,060750426011,"Block Group 1, Census Tract 426.01, San Francisco County, California",0,12,0,12,0,12,0,12,0,12,0,12,0,12,0,12
1500000US060750426012,060750426012,"Block Group 2, Census Tract 426.01, San Francisco County, California",99,97,0,12,0,12,0,12,41,64,33,40,0,12,25,41
1500000US060750426021,060750426021,"Block Group 1, Census Tract 426.02, San Francisco County, California",59,64,0,12,0,12,0,12,0,12,0,12,0,12,59,64
1500000US060750426022,060750426022,"Block Group 2, Census Tract 426.02, San Francisco County, California",27,43,0,12,0,12,0,12,0,12,0,12,0,12,27,43
1500000US060750426023,060750426023,"Block Group 3, Census Tract 426.02, San Francisco County, California",38,60,0,12,0,12,0,12,0,12,0,12,0,12,38,60
1500000US060750427001,060750427001,"Block Group 1, Census Tract 427, San Francisco County, California",91,79,0,12,0,12,0,12,0,12,39,48,0,12,52,64
1500000US060750427002,060750427002,"Block Group 2, Census Tract 427, San Francisco County, California",79,88,0,12,0,12,0,12,0,12,38,62,0,12,41,64
1500000US060750427003,060750427003,"Block Group 3, Census Tract 427, San Francisco County, California",138,109,34,56,0,12,36,58,0,12,54,75,0,12,14,21
1500000US060750428001,060750428001,"Block Group 1, Census Tract 428, San Francisco County, California",55,46,0,12,0,12,16,26,0,12,20,29,0,12,19,29
1500000US060750428002,060750428002,"Block Group 2, Census Tract 428, San Francisco County, California",25,33,0,12,0,12,0,12,0,12,25,33,0,12,0,12
1500000US060750428003,060750428003,"Block Group 3, Census Tract 428, San Francisco County, California",41,43,0,12,0,12,21,33,0,12,0,12,0,12,20,30
1500000US060750451001,060750451001,"Block Group 1, Census Tract 451, San Francisco County, California",118,115,17,27,0,12,0,12,0,12,44,66,0,12,57,89
1500000US060750451002,060750451002,"Block Group 2, Census Tract 451, San Francisco County, California",0,12,0,12,0,12,0,12,0,12,0,12,0,12,0,12
1500000US060750451003,060750451003,"Block Group 3, Census Tract 451, San Francisco County, California",55,90,0,12,0,12,0,12,0,12,0,12,0,12,55,90
1500000US060750452001,060750452001,"Block Group 1, Census Tract 452, San Francisco County, California",0,12,0,12,0,12,0,12,0,12,0,12,0,12,0,12
1500000US060750452002,060750452002,"Block Group 2, Census Tract 452, San Francisco County, California",0,12,0,12,0,12,0,12,0,12,0,12,0,12,0,12
1500000US060750452003,060750452003,"Block Group 3, Census Tract 452, San Francisco County, California",0,12,0,12,0,12,0,12,0,12,0,12,0,12,0,12
1500000US060750452004,060750452004,"Block Group 4, Census Tract 452, San Francisco County, California",57,66,0,12,0,12,0,12,0,12,0,12,0,12,57,66
1500000US060750452005,060750452005,"Block Group 5, Census Tract 452, San Francisco County, California",29,39,0,12,0,12,0,12,0,12,0,12,0,12,29,39
1500000US060750476001,060750476001,"Block Group 1, Census Tract 476, San Francisco County, California",19,30,0,12,0,12,0,12,0,12,0,12,0,12,19,30
1500000US060750476002,060750476002,"Block Group 2, Census Tract 476, San Francisco County, California",0,12,0,12,0,12,0,12,0,12,0,12,0,12,0,12
1500000US060750476003,060750476003,"Block Group 3, Census Tract 476, San Francisco County, California",0,12,0,12,0,12,0,12,0,12,0,12,0,12,0,12
1500000US060750476004,060750476004,"Block Group 4, Census Tract 476, San Francisco County, California",131,118,0,12,0,12,0,12,0,12,0,12,0,12,131,118
1500000US060750477011,060750477011,"Block Group 1, Census Tract 477.01, San Francisco County, California",133,82,50,57,0,12,0,12,0,12,8,12,0,12,75,60
1500000US060750477012,060750477012,"Block Group 2, Census Tract 477.01, San Francisco County, California",106,63,63,47,0,12,0,12,0,12,24,37,0,12,19,30
1500000US060750477013,060750477013,"Block Group 3, Census Tract 477.01, San Francisco County, California",21,33,0,12,0,12,0,12,0,12,0,12,0,12,21,33
1500000US060750477021,060750477021,"Block Group 1, Census Tract 477.02, San Francisco County, California",6,10,0,12,0,12,0,12,0,12,0,12,0,12,6,10
1500000US060750477022,060750477022,"Block Group 2, Census Tract 477.02, San Francisco County, California",75,52,23,36,0,12,0,12,0,12,23,20,0,12,29,36
1500000US060750477023,060750477023,"Block Group 3, Census Tract 477.02, San Francisco County, California",0,12,0,12,0,12,0,12,0,12,0,12,0,12,0,12
1500000US060750478011,060750478011,"Block Group 1, Census Tract 478.01, San Francisco County, California",102,81,0,12,0,12,0,12,0,12,35,54,0,12,67,69
1500000US060750478012,060750478012,"Block Group 2, Census Tract 478.01, San Francisco County, California",100,78,0,12,0,12,0,12,0,12,34,40,0,12,66,73
1500000US060750478013,060750478013,"Block Group 3, Census Tract 478.01, San Francisco County, California",58,55,0,12,0,12,0,12,0,12,58,55,0,12,0,12
1500000US060750478021,060750478021,"Block Group 1, Census Tract 478.02, San Francisco County, California",0,12,0,12,0,12,0,12,0,12,0,12,0,12,0,12
1500000US060750478022,060750478022,"Block Group 2, Census Tract 478.02, San Francisco County, California",27,43,0,12,0,12,0,12,27,43,0,12,0,12,0,12
1500000US060750478023,060750478023,"Block Group 3, Census Tract 478.02, San Francisco County, California",11,18,0,12,0,12,0,12,0,12,0,12,0,12,11,18
1500000US060750479011,060750479011,"Block Group 1, Census Tract 479.01, San Francisco County, California",28,44,0,12,0,12,0,12,0,12,0,12,0,12,28,44
1500000US060750479012,060750479012,"Block Group 2, Census Tract 479.01, San Francisco County, California",50,84,0,12,0,12,0,12,0,12,0,12,0,12,50,84
1500000US060750479013,060750479013,"Block Group 3, Census Tract 479.01, San Francisco County, California",54,68,0,12,0,12,0,12,0,12,0,12,0,12,54,68
1500000US060750479014,060750479014,"Block Group 4, Census Tract 479.01, San Francisco County, California",0,12,0,12,0,12,0,12,0,12,0,12,0,12,0,12
1500000US060750479015,060750479015,"Block Group 5, Census Tract 479.01, San Francisco County, California",41,67,0,12,0,12,0,12,41,67,0,12,0,12,0,12
1500000US060750479021,060750479021,"Block Group 1, Census Tract 479.02, San Francisco County, California",0,12,0,12,0,12,0,12,0,12,0,12,0,12,0,12
1500000US060750479022,060750479022,"Block Group 2, Census Tract 479.02, San Francisco County, California",107,81,0,12,49,56,30,48,0,12,0,12,0,12,28,44
1500000US060750479023,060750479023,"Block Group 3, Census Tract 479.02, San Francisco County, California",11,16,0,12,0,12,0,12,0,12,0,12,0,12,11,16
1500000US060750601001,060750601001,"Block Group 1, Census Tract 601, San Francisco County, California",99,65,94,64,0,12,0,12,0,12,5,8,0,12,0,12
1500000US060750604001,060750604001,"Block Group 1, Census Tract 604, San Francisco County, California",24,39,0,12,0,12,0,12,0,12,24,39,0,12,0,12
1500000US060750605021,060750605021,"Block Group 1, Census Tract 605.02, San Francisco County, California",15,18,0,12,0,12,0,12,0,12,0,12,0,12,15,18
1500000US060750605022,060750605022,"Block Group 2, Census Tract 605.02, San Francisco County, California",61,39,10,17,10,17,0,12,0,12,0,12,0,12,41,37
1500000US060750605023,060750605023,"Block Group 3, Census Tract 605.02, San Francisco County, California",60,39,16,24,0,12,0,12,0,12,11,16,0,12,33,29
1500000US060750607001,060750607001,"Block Group 1, Census Tract 607, San Francisco County, California",260,172,43,70,44,69,0,17,0,17,76,122,0,17,97,95
1500000US060750607002,060750607002,"Block Group 2, Census Tract 607, San Francisco County, California",0,12,0,12,0,12,0,12,0,12,0,12,0,12,0,12
1500000US060750607003,060750607003,"Block Group 3, Census Tract 607, San Francisco County, California",24,38,0,12,0,12,0,12,0,12,24,38,0,12,0,12
1500000US060750610001,060750610001,"Block Group 1, Census Tract 610, San Francisco County, California",59,59,21,35,0,12,0,12,30,44,0,12,0,12,8,12
1500000US060750610002,060750610002,"Block Group 2, Census Tract 610, San Francisco County, California",18,27,0,12,0,12,18,27,0,12,0,12,0,12,0,12
1500000US060750611001,060750611001,"Block Group 1, Census Tract 611, San Francisco County, California",114,72,27,43,0,12,0,12,12,19,41,43,0,12,34,38
1500000US060750611002,060750611002,"Block Group 2, Census Tract 611, San Francisco County, California",41,46,0,12,18,29,0,12,0,12,23,36,0,12,0,12
1500000US060750611003,060750611003,"Block Group 3, Census Tract 611, San Francisco County, California",75,58,27,31,0,12,0,12,0,12,21,35,0,12,27,42
1500000US060750612001,060750612001,"Block Group 1, Census Tract 612, San Francisco County, California",57,51,0,12,0,12,0,12,0,12,0,12,0,12,57,51
1500000US060750612002,060750612002,"Block Group 2, Census Tract 612, San Francisco County, California",71,57,26,28,0,12,0,12,0,12,0,12,0,12,45,49
1500000US060750614001,060750614001,"Block Group 1, Census Tract 614, San Francisco County, California",48,79,48,79,0,12,0,12,0,12,0,12,0,12,0,12
1500000US060750614002,060750614002,"Block Group 2, Census Tract 614, San Francisco County, California",177,132,51,83,0,12,56,87,38,46,0,12,0,12,32,35
1500000US060750614003,060750614003,"Block Group 3, Census Tract 614, San Francisco County, California",0,12,0,12,0,12,0,12,0,12,0,12,0,12,0,12
1500000US060750615001,060750615001,"Block Group 1, Census Tract 615, San Francisco County, California",793,369,18,30,53,64,74,71,28,46,571,366,0,12,49,51
1500000US060750615002,060750615002,"Block Group 2, Census Tract 615, San Francisco County, California",41,66,0,12,0,12,41,66,0,12,0,12,0,12,0,12
1500000US060750615003,060750615003,"Block Group 3, Census Tract 615, San Francisco County, California",270,220,0,12,0,12,0,12,0,12,229,207,0,12,41,75
1500000US060750615004,060750615004,"Block Group 4, Census Tract 615, San Francisco County, California",281,271,0,12,0,12,0,12,0,12,243,267,0,12,38,61
1500000US060750615005,060750615005,"Block Group 5, Census Tract 615, San Francisco County, California",0,12,0,12,0,12,0,12,0,12,0,12,0,12,0,12
1500000US060750615006,060750615006,"Block Group 6, Census Tract 615, San Francisco County, California",576,355,0,12,0,12,0,12,43,71,533,357,0,12,0,12
1500000US060759802001,060759802001,"Block Group 1, Census Tract 9802, San Francisco County, California",10,14,0,12,0,12,0,12,0,12,10,14,0,12,0,12
1500000US060759803001,060759803001,"Block Group 1, Census Tract 9803, San Francisco County, California",0,12,0,12,0,12,0,12,0,12,0,12,0,12,0,12
1500000US060759804011,060759804011,"Block Group 1, Census Tract 9804.01, San Francisco County, California",0,12,0,12,0,12,0,12,0,12,0,12,0,12,0,12
1500000US060759805011,060759805011,"Block Group 1, Census Tract 9805.01, San Francisco County, California",12,18,0,12,0,12,0,12,0,12,0,12,0,12,12,18
1500000US060759806001,060759806001,"Block Group 1, Census Tract 9806, San Francisco County, California",0,12,0,12,0,12,0,12,0,12,0,12,0,12,0,12
1500000US060759809001,060759809001,"Block Group 1, Census Tract 9809, San Francisco County, California",44,55,13,21,0,12,0,12,0,12,31,51,0,12,0,12
1500000US060759901000,060759901000,"Block Group 0, Census Tract 9901, San Francisco County, California",0,12,0,12,0,12,0,12,0,12,0,12,0,12,0,12
